date,EE_RSTAK_NAM,EE_RSTAL_NAM,EE_RSTAR_NAM,EE_RSTAZ_NAM,EE_RSTCA_NAM,EE_RSTCO_NAM,EE_RSTCT_NAM,EE_RSTDC_NAM,EE_RSTDE_NAM,EE_RSTFL_NAM,EE_RSTGA_NAM,EE_RSTHI_NAM,EE_RSTIA_NAM,EE_RSTID_NAM,EE_RSTIL_NAM,EE_RSTIN_NAM,EE_RSTKS_NAM,EE_RSTKY_NAM,EE_RSTLA_NAM,EE_RSTMA_NAM,EE_RSTMD_NAM,EE_RSTME_NAM,EE_RSTMI_NAM,EE_RSTMN_NAM,EE_RSTMO_NAM,EE_RSTMS_NAM,EE_RSTMT_NAM,EE_RSTNC_NAM,EE_RSTND_NAM,EE_RSTNE_NAM,EE_RSTNH_NAM,EE_RSTNJ_NAM,EE_RSTNM_NAM,EE_RSTNV_NAM,EE_RSTNY_NAM,EE_RSTOH_NAM,EE_RSTOK_NAM,EE_RSTOR_NAM,EE_RSTPA_NAM,EE_RSTRI_NAM,EE_RSTSC_NAM,EE_RSTSD_NAM,EE_RSTTN_NAM,EE_RSTTX_NAM,EE_RSTUT_NAM,EE_RSTVA_NAM,EE_RSTVT_NAM,EE_RSTWA_NAM,EE_RSTWI_NAM,EE_RSTWV_NAM,EE_RSTWY_NAM
1939,-19.64352901,444.7146662,204.9763483,98.9083691,1894.610383,223.3323551,608.0065121,374.8868284,76.75276823,419.10061,556.6767789,-2.081634398,417.937765,76.93592286,2899.186338,858.9358523,307.7806484,386.1719942,421.1096456,1429.873668,534.657226,223.1367874,2243.040731,629.2041427,862.1660518,209.6573318,101.9811672,639.9430109,66.95323298,215.9347172,144.4302458,1326.89117,72.55321385,36.67462552,4235.19034,1870.374548,328.4961778,266.1018645,2850.690285,261.3841991,330.5862849,81.50083926,492.7429621,1095.323301,110.3039569,582.8215038,75.11262237,465.9937829,668.8690538,391.7113025,49.67466422
1940,-16.57503643,472.043238,216.680674,105.587835,2068.2022,236.0677657,633.8021576,397.5123198,81.27250196,449.0104686,587.5663313,6.331195493,435.8327577,81.53561845,2927.625558,909.0858211,328.5658209,403.4313803,445.0253377,1477.198844,561.7526941,231.2492991,2246.199127,642.3404803,900.2489273,221.3471383,105.1081479,669.6390926,69.68207463,227.1264135,146.4071477,1380.115724,77.97998271,38.91637192,4404.99479,1986.567513,345.2163258,287.183852,2964.12027,268.9318661,346.4419435,84.26535206,525.2476301,1184.165575,119.8999901,613.9976351,78.0450869,502.9938975,709.2307971,408.0312966,52.10106594
1941,-13.50654385,498.9666631,228.2622363,112.2182172,2240.159913,248.7708527,658.915738,419.6299428,85.744708,478.8603211,618.1071159,14.74402538,453.6703728,86.0999548,2956.064778,958.4884315,349.125187,420.5730464,468.6699334,1523.650284,588.2045899,239.108443,2249.357522,655.4768179,937.9221423,232.9073716,108.214317,698.9567442,72.42938396,238.3097626,148.3677472,1432.149366,83.44221942,41.11437208,4572.575337,2101.263732,361.8615119,308.0068208,3075.481352,276.2356911,362.0617392,87.02685646,557.4858684,1272.640616,129.4019838,644.5945514,80.92742521,539.3320743,749.3228499,424.1491778,54.51472103
1942,-10.43805127,524.5223625,239.3964648,118.7055536,2406.525396,261.3376149,682.1141666,440.2007061,90.08813366,508.4700568,647.5367017,23.15685527,471.276905,90.58321652,2984.503998,1005.689467,368.9112819,437.3549588,491.5490827,1567.340262,612.7668143,246.1893581,2252.515918,668.6131555,974.341547,244.0519868,111.2827812,727.1231446,75.22080789,249.3581533,150.2526703,1480.737028,89.00659203,43.183716,4733.818129,2211.503785,378.1676112,328.0079138,3181.091425,282.7625135,376.9643898,89.78069056,588.7987712,1359.662536,138.5888984,673.4090613,83.6610602,573.6624365,788.4842137,439.6915199,56.88187217
1943,-7.369558696,547.3980905,249.5951671,124.9157001,2561.711924,273.5483427,702.2621993,457.9643187,94.22207915,537.7429615,675.0045863,31.56968517,488.3929454,94.95468863,3012.943218,1049.179825,387.122389,453.5783534,513.2357366,1606.37755,634.2142221,251.8960992,2255.674313,681.7494931,1008.56577,254.4548656,114.3275043,753.8349055,78.08469949,259.9998765,152.0678655,1523.369147,94.74634638,45.00435,4884.193562,2314.107614,393.6578836,346.3892056,3277.174572,288.0598157,390.8299957,92.52292387,618.3665739,1443.502039,147.1216747,699.1800278,86.14614053,604.2457865,825.8106614,454.2664053,59.18161485
1944,-4.301066119,566.9103778,258.6141858,130.8004569,2700.766519,285.3269501,718.9524504,472.2484826,98.10196336,566.5536209,699.8649004,39.98251506,504.8073159,99.18982402,3041.382438,1087.895512,403.005679,469.1679162,533.3193551,1639.566518,651.8010001,255.8678274,2258.832709,694.8858307,1040.091025,263.8773696,117.3986221,779.0184068,81.05820377,269.8916419,153.9177549,1558.59779,100.7376624,46.54938322,5020.722849,2406.816123,407.8939128,362.4266917,3361.929957,291.9444549,403.5700131,95.28681902,645.4115241,1522.520205,154.6763643,721.3602235,88.33720426,629.5113024,860.5041239,467.7230008,61.39122585
1945,-1.232573541,583.2657743,266.5164121,136.5074673,2823.044082,296.8638678,732.8059121,483.1662567,101.7859844,595.2321905,722.293729,48.39534495,520.4739092,103.2735287,3069.821658,1122.142733,416.7210986,484.27655,551.9340407,1667.10276,666.0921928,258.1877428,2261.991104,708.0221684,1069.173867,272.433312,120.5509954,803.2046795,84.14161875,278.9811601,155.8830816,1586.951332,107.0792565,47.9138813,5143.113269,2489.950141,420.9317036,376.0104756,3435.971002,294.5656904,415.5265986,98.10540937,669.6632038,1596.974093,161.3138023,740.4766205,90.22732802,648.9307044,892.2764254,480.0628097,63.51516577
1946,1.835919036,597.187726,273.4245953,142.2983699,2931.94785,308.367257,745.0030522,491.1672151,105.3753207,624.4992902,742.9995079,56.80817484,535.3875445,107.1898103,3098.260878,1153.057738,428.9275378,499.1134783,569.5637026,1689.950204,678.3088347,259.2243673,2265.1495,721.158506,1096.217943,280.3657321,123.822499,826.9665707,87.3056604,287.3512256,157.9714113,1610.524171,113.8434686,49.22841606,5252.830873,2565.425334,433.1173218,387.4923937,3500.879829,296.2123368,427.1322085,100.9698601,691.4750796,1668.342561,167.2540599,757.3615889,91.82821643,663.2375997,921.093349,491.1501047,65.58098298
1947,4.904411614,609.623021,279.6383203,148.5027288,3033.144619,319.9906402,756.6792793,496.8012691,108.9642908,655.0232176,762.8967356,65.22100473,549.4503022,110.8949414,3126.700099,1182.042353,440.5696755,513.7541591,586.7539095,1709.183751,689.8520386,259.4133453,2268.307896,734.2948436,1121.791157,287.8873362,127.1674973,850.4618805,90.4716285,295.2068211,160.0974788,1631.938192,121.0558458,50.6014205,5351.410576,2635.200867,445.0055162,397.3751778,3558.22985,297.1605516,438.6910333,103.8342824,711.5639863,1738.152725,172.7830705,772.8917324,93.15030081,674.0332885,947.1799134,500.6635308,67.59907418
1948,7.972904191,621.0575705,285.3209265,155.3541242,3131.522707,331.7688674,768.0989716,500.6756581,112.5814602,687.2342774,782.5469156,73.63383462,562.3983871,114.3352964,3155.139319,1209.327822,452.1899152,527.9749156,603.6235929,1725.301801,701.5368286,259.1050775,2271.466291,747.4311812,1145.979238,295.1271731,130.47913,873.5577433,93.54176623,302.6144171,162.1623051,1652.610038,128.6525009,52.13304346,5439.150989,2699.597652,456.8148622,405.9106358,3607.234676,297.5143694,450.273941,106.6200886,730.2230077,1806.892276,178.0772266,787.7150389,94.21373032,682.584695,970.4972039,508.0392318,69.55702625
1949,11.04139677,631.9350552,290.6313697,163.0451092,3231.827983,343.7898821,779.6757143,503.2826086,116.2377514,721.7415424,802.4275842,82.04666451,574.0475011,117.5063001,3183.886538,1235.050968,464.0689639,541.6145294,620.2501456,1738.940915,713.9477085,258.6078313,2274.624687,760.5675188,1168.858002,302.2364185,133.6658619,896.3696748,96.4476005,309.6074158,164.1259359,1673.834969,136.5439879,53.94441956,5517.486612,2759.222594,468.5898803,413.3938237,3647.616622,297.3972187,461.8928898,109.2793485,747.7185879,1874.712377,183.2930904,802.4175789,95.07715111,689.9394104,991.2305065,512.7957162,71.4194353
1950,14.10988935,642.7735803,295.7183966,171.7566955,3338.474093,356.1839391,791.9091031,504.8565907,119.9462723,759.2117423,822.9148081,90.4594944,584.394362,120.4180245,3213.795362,1259.367336,476.2046291,554.6580331,636.694724,1750.927636,727.4348141,258.1998232,2277.783082,773.7038564,1190.551472,309.3769761,136.6683664,919.2186132,99.15324052,316.2570754,166.0397942,1696.731145,144.6373359,56.14835302,5588.781441,2815.131619,480.2249422,420.1836912,3679.999657,296.9803849,473.567098,111.8059308,764.5269406,1941.786268,188.5584516,817.4802726,95.81707204,696.977179,1009.865135,514.8061003,73.15632722
1951,17.17838192,653.8879003,300.6694403,181.6094439,3453.8014,368.9183945,804.8519764,505.4532484,123.6787533,800.1011917,844.0033786,98.87232429,593.4642129,123.0854787,3244.865531,1281.954961,488.3410289,566.9393137,653.0139834,1761.7241,741.9938037,258.0261914,2280.941478,786.8401941,1210.84809,316.6243856,139.4676581,942.0328,101.6463195,322.5905799,167.9220436,1721.620378,152.8311342,58.81520382,5654.5236,2867.532428,491.6045207,426.4912497,3704.844583,296.2521808,485.1428554,114.2149109,780.7750941,2007.834068,193.9501689,833.0488644,96.48223044,704.2823511,1026.7801,514.211543,74.7505335
1952,20.2468745,665.148034,305.4807498,192.5863481,3577.116528,381.765765,817.9320817,504.9736596,127.3434619,844.4510875,865.1669388,107.2851542,601.250353,125.5014913,3275.639832,1301.824204,499.875235,578.0456783,669.0036318,1771.249164,757.1329879,257.9990759,2284.099873,799.7594931,1229.108786,323.9154169,142.0350682,964.4422905,103.9419384,328.5265423,169.7494497,1747.672166,161.0155986,61.94484846,5714.327403,2914.619405,502.4598395,432.3126737,3720.919203,295.1071154,496.1897806,116.5273046,796.2458069,2071.523029,199.4235167,848.7782959,97.08919293,711.8495051,1041.988757,511.2141424,76.17332241
1953,23.31536708,676.464121,310.2768797,204.6323073,3707.366087,394.5643832,830.6716466,503.53437,130.8798784,892.2046147,886.0770978,115.6979841,607.9704396,127.7520364,3305.105397,1318.639876,510.2859089,587.7480403,684.5182371,1779.834445,772.4187387,258.0533547,2287.258269,812.4203131,1244.939008,331.2685961,144.3542513,986.5638121,106.0727347,334.0206702,171.5685577,1774.281806,169.1286337,65.49501136,5768.668926,2954.996612,512.5620767,437.7522254,3728.262877,293.5951761,506.3700636,118.771979,810.8840867,2131.957067,204.9802675,864.5260201,97.65370382,719.6393958,1055.769663,506.2498811,77.41645684
1954,26.38385966,687.8928209,315.2835771,217.7063574,3843.60752,407.3489242,842.779578,501.5611884,134.2430483,943.2414477,906.6297956,124.110814,613.9766262,129.9520728,3332.707959,1332.499548,519.3009596,596.1238569,699.4253313,1787.815069,787.6730989,258.1589152,2290.416665,824.8766186,1258.361114,338.7712949,146.4225111,1008.698669,108.0659266,339.1074055,173.4454183,1801.05087,177.153988,69.41996847,5818.313971,2987.800914,521.8048124,443.02204,3727.861773,291.8072789,515.6799967,120.9735279,824.7394832,2189.126863,210.6699589,880.4657071,98.1956155,727.7382833,1068.500489,499.9466003,78.49696647
1955,29.45235224,699.6091517,320.8138205,231.8352111,3986.06761,420.3394193,854.3300663,499.6895802,137.4582182,997.3282145,927.059201,132.5236439,619.7853622,132.2290394,3359.263197,1344.570391,526.9704373,603.6491045,713.7102637,1795.973816,803.0169232,258.3691111,2293.575061,837.428171,1269.981075,346.6091993,148.259609,1031.450528,109.9690052,343.9189835,175.4583965,1828.177116,185.1431238,73.70504563,5865.177651,3013.798212,530.2730056,448.4807306,3722.372429,289.9763883,524.5291717,123.1618252,838.1697052,2243.949532,216.6263256,897.0937667,98.75824331,736.3710333,1080.877206,493.0046424,79.46171643
1956,32.52084482,711.6682035,327.1327522,246.9525177,4134.141065,433.6444103,865.536506,498.5053986,140.5382044,1053.873129,947.6291851,140.9364738,625.7913306,134.6518541,3385.297711,1355.907581,533.4713822,610.7725211,727.3741304,1804.936317,818.582336,258.727707,2296.733456,850.3899656,1280.53325,354.9172822,149.9020812,1055.274068,111.848802,348.6115653,177.6624034,1855.955789,193.0939634,78.342369,5910.909939,3033.981397,538.0825673,454.4286898,3714.176765,288.2923957,533.3743802,125.3720097,851.6070665,2297.015915,222.9044028,914.7889518,99.39394645,745.684129,1093.356781,485.8978837,80.35560216
1957,35.5893374,724.0339747,334.4373768,262.877574,4286.762918,447.3560452,876.6229912,498.5676013,143.456241,1112.113122,968.7210267,149.3493037,632.3183608,137.2381443,3411.087468,1367.493588,539.1121305,617.8623535,740.3129248,1815.066465,834.5482919,259.2927765,2299.891852,864.0237158,1290.741186,363.8344246,151.3868679,1080.645464,113.7574585,353.3641225,180.1037658,1884.554366,200.9229978,83.38701426,5956.298033,3049.418379,545.4196786,461.151503,3704.964979,286.9624289,542.6421221,127.648602,865.605184,2348.818363,229.5079624,933.8230773,100.1375017,755.8083431,1106.261411,478.8071542,81.20090195
1958,38.65782998,736.8437818,342.943371,279.4021521,4443.731789,461.5860276,888.0942507,500.2130918,146.3071799,1171.501394,991.0577129,157.7621336,639.7153688,140.0080191,3437.983459,1380.713808,544.2753043,625.4731236,752.6378992,1826.942787,851.4299225,260.2111159,2304.987913,878.7422357,1301.466098,373.5603346,152.8018883,1108.417149,115.7476285,358.4115106,182.8391866,1914.466765,208.5097786,88.92763344,6002.50703,3062.528252,552.6846946,469.0764685,3697.011498,286.2836916,552.8371536,130.0444025,880.9756041,2400.414066,236.4527323,954.637069,101.0517463,766.920607,1120.164723,472.006305,82.01633806
1959,41.72632255,750.4736015,352.818038,296.3812481,4606.365671,476.5345007,900.8507835,503.6240978,149.2683109,1232.111013,1015.591021,166.1749635,648.428087,142.9882062,3468.7288,1397.278702,549.4534046,634.4357294,764.8971764,1841.423148,870.1538763,261.6845939,2315.765387,895.1621019,1313.766791,384.2713762,154.2761931,1139.499103,117.8743907,363.9819442,185.9493312,1946.885361,215.7566272,95.06400838,6052.185047,3077.343927,560.393774,478.63737,3693.868101,286.5237632,564.4868097,132.6017256,898.6958209,2453.647027,243.7843608,977.8896216,102.2341425,779.4347689,1135.93673,466.0011156,82.82262374
1960,44.79481512,765.2399726,364.138247,313.6648365,4775.057237,492.2997474,915.549146,508.7407158,152.5248516,1294.246036,1043.113149,174.5711721,658.7480944,146.2063527,3505.539773,1418.109592,555.0661792,645.462338,777.8825004,1858.836986,891.4975027,263.8159681,2335.00114,913.7984688,1328.433406,396.0923097,155.9028141,1174.542132,120.177348,370.1905228,189.467473,1982.588859,222.5767673,101.8266446,6107.17013,3096.987034,568.9672281,490.069226,3698.222453,287.7843863,577.9830537,135.3254416,919.503573,2510.423114,251.4799689,1004.189059,103.7616352,793.6754705,1154.1488,461.2503026,83.62030885
1961,47.86330769,781.560698,376.968687,331.1970796,4950.412505,508.9967058,932.5623869,515.3408015,156.2593368,1358.700407,1074.363389,182.9793883,670.9866887,149.7182241,3550.352369,1443.875012,561.558842,659.1197588,792.4716433,1879.294504,916.1666122,266.6571499,2364.853388,935.0978697,1346.214418,409.1871821,157.777021,1214.125054,122.7163591,377.1205262,193.419392,2022.094113,229.0138563,109.1974076,6168.889476,3124.284762,578.825431,503.5296816,3712.306537,290.0690657,593.650981,138.2054037,944.0666403,2572.952721,259.5178338,1034.15081,105.7038278,810.1000063,1175.19993,458.1675714,84.40071702
1962,50.97285211,799.8391808,391.2696646,349.118491,5133.47892,526.7943163,952.1470633,523.0548035,160.6260527,1426.80961,1110.037897,191.5145296,685.433687,153.6025222,3604.934186,1475.225401,569.2589449,675.8441783,809.5125523,1902.914538,944.6740404,270.2518913,2407.432332,959.5498533,1367.751968,423.724117,159.9850555,1258.703264,125.5455093,384.8223292,197.8611936,2065.814088,235.212784,117.1178963,6238.62558,3162.265429,590.288084,519.1956896,3738.24111,293.3644625,611.7738564,141.2102106,972.8207674,2643.445012,267.9074332,1068.239411,108.1267073,829.1479157,1199.636633,457.1141242,85.20696878
1963,54.19286716,820.2562171,406.8987995,367.6876138,5324.301803,545.9625524,974.2091086,531.3927622,165.685692,1499.882125,1150.430197,200.3697193,702.3100392,157.9357664,3669.701295,1512.024447,578.4024517,695.771585,829.557458,1929.662977,977.2289566,274.6053727,2462.480642,987.4489896,1393.294051,439.7753663,162.5843891,1308.373906,128.6977204,393.3941013,202.8227892,2113.699807,241.3343016,125.4607357,6316.438043,3212.318509,603.5676345,537.0299059,3776.624867,297.5755471,632.4454348,144.3264068,1005.870032,2723.434623,276.6530666,1106.604891,111.0582224,850.9597383,1227.678419,458.2314877,86.12217751
1964,57.60804307,842.8082113,423.6740145,387.275806,5522.280683,566.9044442,998.4339853,539.7971702,171.3916871,1579.020338,1195.406436,209.7309355,721.6083588,162.8304511,3743.949426,1553.623587,589.1407364,718.8035259,852.8054657,1959.490567,1013.76479,279.7142555,2528.285662,1018.92835,1422.619146,457.3269406,165.6156428,1362.922092,132.1674588,402.9137886,208.3314783,2165.507152,247.5520325,134.0953717,6401.543208,3274.534818,618.8576487,556.8340296,3827.183088,302.5906451,655.6327326,147.5974351,1043.033305,2814.037741,285.8179587,1149.196886,114.4990548,875.6365343,1259.228436,461.5040472,87.25638688
1965,61.31714144,867.2330056,441.3542447,408.3385495,5726.427075,590.0673965,1024.249065,547.7345922,177.6246133,1664.875811,1244.467455,219.7274593,743.1001583,168.394713,3825.519296,1598.83501,601.5111488,744.6468319,879.0851061,1992.067423,1053.95068,285.4911474,2601.837931,1053.840516,1455.040787,476.297097,169.1295935,1421.729196,135.9542142,413.4183963,214.3833326,2220.632008,254.0492569,142.983643,6491.61204,3347.446987,636.2490168,578.3324607,3888.124808,308.2163269,681.1723118,151.0954738,1083.770756,2915.694206,295.533804,1195.801982,118.4083041,903.0967668,1293.809042,466.6988734,88.72441881
1966,65.4108434,893.10736,459.6686849,431.3205683,5935.415682,615.8567696,1050.81438,554.7286214,184.1871292,1757.658904,1296.808034,230.4142621,766.3008672,174.6913842,3910.931128,1645.92567,615.441631,772.790299,907.9358549,2026.523753,1097.134118,291.7615137,2679.326132,1091.632785,1489.45432,496.4988231,173.1578619,1483.733368,140.0638012,424.8757917,220.9231089,2277.923188,261.0157348,152.1634344,6582.777071,3428.148302,655.7090522,601.150259,3956.247228,314.1812562,708.7484073,154.8787271,1127.228222,3028.214481,305.9331172,1246.018796,122.679079,932.7885333,1330.591317,473.4999961,90.64753132
1967,69.9866587,919.9827045,478.2989876,456.5452006,6147.280942,644.4842499,1077.10547,560.429505,190.865647,1857.264219,1351.415278,241.767041,790.528913,181.7673497,3995.971951,1692.949172,630.735014,802.5812544,938.8243373,2061.624093,1142.334089,298.3039081,2756.840568,1131.420051,1524.474681,517.6571356,177.7157726,1547.55647,144.5174926,437.1716581,227.8477306,2335.894185,268.6367338,161.7537943,6669.985712,3512.894576,677.0595784,624.9831594,4027.702303,320.1999337,737.9235306,158.9854445,1172.362832,3150.976088,317.093075,1299.304926,127.1604056,963.7069638,1368.590245,481.5204567,93.14873826
1968,75.13798863,947.6273955,497.0931183,484.3045793,6360.577132,676.0909559,1102.275734,564.7102041,197.4897079,1963.386767,1407.361209,253.7213503,815.1967147,189.6865807,4077.034485,1738.376864,647.2067121,833.3861228,971.3998194,2096.31574,1188.533236,304.9372691,2831.53028,1172.306879,1558.943264,539.5750628,182.8160716,1611.904027,149.350923,450.1659208,235.0758902,2393.17226,277.1293639,171.9161369,6748.322604,3598.088141,700.1833283,649.6793946,4098.922515,326.0410473,768.3677092,163.4390879,1218.341433,3283.276401,329.0905229,1355.13878,131.7265188,994.906303,1406.993901,490.4522966,96.33557818
1969,80.94636791,975.9969624,516.0310527,514.7563849,6574.735722,710.7091638,1125.811514,567.7423845,203.9021965,2075.46092,1463.938699,266.1300739,839.9634021,198.4923748,4151.949728,1781.334601,664.7857897,864.7345159,1005.751324,2129.939751,1234.748863,311.5464963,2901.534904,1213.620633,1592.182716,562.1520619,188.4793473,1675.746002,154.6085522,463.7387888,242.5868028,2448.658731,286.7023679,182.7803384,6813.603532,3680.606381,725.0694388,675.1413654,4167.080324,331.5762857,799.8447353,168.2502652,1264.578245,3424.920035,342.0393756,1412.971721,136.3040497,1025.864726,1445.303455,500.1013525,100.3001022
1970,87.46395136,1005.147661,535.1318353,547.7862523,6790.499408,748.2662401,1147.566394,569.8566102,209.9471002,2192.51818,1520.538008,278.7618825,864.6931379,208.183164,4219.779335,1821.302471,683.5552441,896.2711846,1042.257877,2162.276024,1280.019938,318.1051164,2965.952773,1254.914608,1623.904251,585.2918394,194.7180272,1738.326315,160.3533307,477.7718116,250.4449246,2501.547195,297.4821948,194.4461135,6863.167052,3758.088801,751.7402139,701.3076788,4230.151962,336.7959271,832.0997242,173.4141931,1310.591072,3576.144843,355.9816428,1472.191719,140.8583641,1056.811344,1483.195139,510.3459382,105.1250058
1971,94.70143014,1035.168776,554.4872001,583.1582527,7010.593532,788.5444598,1167.886846,571.4120213,215.5093846,2313.598441,1576.894006,291.3661456,889.4044509,218.7014564,4281.133462,1858.402215,703.7182146,927.7855343,1081.332988,2193.726062,1323.509945,324.6721913,3025.223872,1296.138895,1654.309256,608.8895809,201.5237456,1799.351428,166.6191236,492.126151,258.7938438,2551.607662,309.5242702,206.9933737,6896.957687,3829.499841,780.2492628,728.2555281,4287.464861,341.7624867,864.9213435,178.8935857,1356.093936,3738.210475,370.9219402,1532.112031,145.4007874,1088.759622,1520.71915,521.0703539,110.8749831
1972,102.6538559,1066.089117,574.0995626,620.6165944,7239.334439,831.1694355,1187.608674,572.7651916,220.5255443,2437.696414,1632.999187,303.7816141,914.1469383,229.8989284,4337.673473,1893.02355,725.479288,959.0092588,1123.232592,2225.405606,1364.914166,331.3697317,3080.284657,1337.667436,1683.970076,632.7305539,208.8129562,1858.87854,173.4042624,506.6482504,267.8006993,2599.327669,322.7891974,220.5255692,6917.852289,3895.129053,810.6857929,756.0070298,4339.466932,346.5985206,898.1212639,184.6290153,1400.813949,3912.590133,386.8190671,1592.245995,150.0010613,1122.995912,1558.242735,532.1204407,117.5864786
1973,111.2462659,1097.627806,593.7684666,659.7309036,7478.957541,875.493335,1207.439818,574.1485751,224.95598,2563.177827,1688.714102,315.9133776,938.6771529,241.503242,4390.451397,1925.044169,748.6328691,989.4821964,1167.67629,2258.299137,1404.114783,338.3030263,3131.268345,1379.568786,1713.143962,656.3691301,216.4368754,1916.788334,180.6438876,521.0572922,277.5356916,2645.297676,337.0973374,235.1002166,6929.616133,3954.95699,842.9325188,784.2967453,4386.247436,351.3489601,931.3109424,190.5001183,1444.134281,4099.606914,403.5176035,1652.035827,154.7239195,1160.361969,1595.730948,543.2643357,125.2141867
1974,120.309159,1129.343073,613.2484599,700.1596403,7730.363905,920.8356319,1227.861128,575.7789735,228.864837,2688.820442,1744.049311,327.6827092,962.398178,253.2030698,4439.449528,1954.076533,772.6895698,1018.699093,1214.14936,2293.120078,1441.184837,345.5436666,3177.873309,1421.604824,1741.878465,679.3103756,224.2025901,1973.184709,188.2060972,535.0369757,288.0480143,2690.153867,352.2191588,250.7035768,6936.43397,4008.403917,876.7372972,812.7531654,4427.831968,356.0667511,964.0776235,196.3592409,1485.506967,4298.375015,420.8239388,1711.088287,159.6180854,1201.177587,1632.771415,554.1879721,133.6359371
1975,129.5735712,1160.89287,632.3594059,741.8859554,7994.245021,966.9008665,1249.400056,577.8267028,232.4757006,2815.392245,1799.827233,339.1037485,984.6863257,264.6760521,4484.580647,1980.392657,797.1406731,1046.386872,1261.935315,2330.885865,1476.654222,353.1712137,3220.573234,1463.574744,1770.452698,701.274665,231.9018184,2028.727679,195.92155,548.3424277,299.4515038,2735.20245,367.9291572,267.3069084,6943.783393,4055.691525,911.7696596,841.0918137,4464.848646,360.9053499,996.2804423,202.078728,1524.850695,4507.473563,438.558286,1769.580773,164.7470429,1245.431945,1669.103455,564.6096393,142.6384176
1976,138.6524472,1192.153718,651.1046834,785.3084036,8271.063741,1013.639223,1272.782444,580.4332895,236.0375081,2945.679016,1857.598794,350.1948079,1005.003926,275.6057982,4526.326038,2004.657795,821.4525667,1072.503467,1310.149177,2372.872728,1511.374983,361.2697923,3260.233077,1505.450688,1799.444986,722.2042695,239.3152525,2084.721414,203.5848439,560.8894051,311.9015166,2782.268093,384.0046363,284.8584343,6958.014652,4098.07347,947.6607646,868.998682,4498.588268,366.0705455,1028.180757,207.5573324,1562.674085,4725.341935,456.5526192,1828.310803,170.1600952,1292.703441,1704.711671,574.2437473,151.9439565
1977,147.2929957,1222.587211,669.197077,830.6116799,8558.157469,1060.715876,1298.355133,583.6809929,239.7344395,3082.294613,1917.974647,360.9991624,1022.703446,285.6321573,4564.09418,2026.710271,844.9482312,1096.756941,1357.474613,2419.413043,1546.092623,369.7748145,3295.975058,1546.894054,1828.664131,741.7527134,246.2035663,2141.363804,210.9813616,572.5572406,325.3368941,2832.404439,400.1226085,303.1523085,6983.856163,4135.78149,983.7500742,895.8188439,4529.554148,371.5430732,1059.575124,212.6900193,1598.863251,4948.988773,474.5633292,1887.673085,175.835075,1342.118157,1739.203632,582.7376095,161.2084982
1978,155.482901,1251.550404,686.3133246,877.6263954,8850.074967,1107.474608,1325.90514,587.5927394,243.7422997,3226.485104,1981.028459,371.5121388,1037.209312,294.4229203,4596.990291,2046.011832,866.9761218,1118.873324,1402.390798,2469.868455,1581.259894,378.580995,3326.319071,1587.125731,1857.599481,759.4864783,252.3292813,2198.499527,217.910637,583.1963727,339.5524626,2885.823453,415.9090396,321.8091003,7023.606198,4168.44359,1019.073443,920.6353864,4557.665715,377.1959629,1090.208287,217.4001807,1633.158565,5174.146297,492.276281,1947.74522,181.6852141,1392.33114,1771.881789,589.808102,170.0195474
1979,163.3119176,1278.510479,702.2101931,925.8000443,9139.475427,1152.843045,1354.74893,592.0726455,248.1625495,3377.79461,2046.431148,381.6950724,1048.234919,301.7445567,4624.165648,2062.197124,886.979211,1138.680077,1443.110161,2522.732481,1616.979624,387.5703,3350.152255,1625.278668,1885.609746,774.9645189,257.4988834,2255.771622,224.1833906,592.7466676,354.2656794,2941.997052,431.0006696,340.3698561,7076.904466,4195.370958,1052.381223,942.552208,4582.511858,382.8778139,1119.805244,221.6403086,1665.316767,5395.226843,509.375706,2008.446079,187.5893936,1441.775254,1801.957559,595.3037246,177.9145238
1980,170.8739708,1303.373118,716.9403165,974.4988568,9420.742288,1195.833065,1383.998916,596.9979002,253.0572264,3535.237403,2113.984349,391.5151771,1056.003566,307.5863068,4645.702623,2075.742672,904.6667106,1156.306926,1478.038224,2576.545953,1653.18304,396.6928859,3368.31856,1660.886556,1912.48364,788.0649248,261.6455655,2313.087132,229.6622363,601.2350277,369.2264771,3000.209921,445.1891478,358.4525315,7142.186613,4216.731348,1082.285036,961.2448532,4603.840808,388.5012655,1148.365907,225.4468928,1695.67101,5606.384282,525.705073,2069.818078,193.4646423,1489.408052,1829.17454,598.7588962,184.5056515
1981,178.2138668,1326.748893,730.9562266,1023.525063,9692.084236,1235.850114,1413.000024,602.3119664,258.5077425,3697.808807,2184.049384,401.0767158,1061.380204,312.2139651,4663.625935,2088.686032,920.2560399,1172.701796,1506.050407,2630.151377,1690.180574,406.0222061,3384.409415,1694.382301,1938.979779,799.1891407,264.8385318,2371.281386,234.3089545,608.9398889,384.3091316,3060.082773,458.4761169,376.0153832,7217.747243,4235.159804,1107.579686,977.2383445,4622.922677,394.0951794,1176.313136,228.9700204,1725.482281,5802.904216,541.4030935,2132.407176,199.3070953,1535.176336,1854.336754,600.2109985,189.5320097
1982,185.2606721,1349.83265,745.0060521,1073.112903,9955.975534,1272.73931,1441.474187,608.0783275,264.6289377,3865.051772,2257.325735,410.6488001,1065.837748,316.1034633,4682.182273,2103.698333,934.3949513,1189.282546,1526.721748,2682.977801,1728.646826,415.733785,3403.245061,1727.095942,1966.461944,809.1989618,267.2765308,2431.850839,238.1967028,616.4243366,399.480654,3121.482224,471.0463283,393.3791427,7301.997091,4255.041055,1127.450132,991.9872558,4642.523171,399.7344042,1204.490133,232.4583093,1756.552856,5981.593405,556.8504285,2197.241149,205.1632409,1580.156826,1879.273478,600.1318241,192.8956208
1983,191.8723145,1374.055742,759.9123595,1123.72737,10217.1326,1306.702269,1469.245342,614.4593477,271.5005745,4037.10216,2334.534386,420.5827741,1071.074311,319.8565933,4705.849069,2123.592841,948.0136367,1207.647014,1540.59478,2734.579758,1769.384593,426.0049251,3429.552647,1760.796696,1996.407116,819.1362921,269.2719257,2496.441134,241.4665495,624.3400574,414.6909641,3184.115059,483.205772,411.1473877,7393.14042,4281.319236,1141.786533,1007.382778,4666.130767,405.5058369,1233.917966,236.1946774,1790.86319,6141.785568,572.511708,2265.423701,211.0994969,1626.14548,1906.110622,599.2930558,194.7151872
1984,197.9041152,1400.496197,776.2356548,1175.490323,10479.19111,1338.421214,1495.892681,621.5046075,279.1181258,4213.636318,2415.675066,431.160494,1078.426629,323.9921125,4738.332932,2150.339842,962.0193384,1229.037213,1549.233819,2783.885004,1812.478201,436.8475909,3466.071869,1796.95482,2029.722658,829.9290459,271.1243144,2565.804406,244.3245958,633.2074946,429.7651752,3246.872243,495.2589748,430.0299046,7488.351525,4317.679066,1151.614546,1024.968228,4696.599712,411.3680304,1265.253806,240.4024592,1829.794205,6286.321488,588.8680577,2337.237125,217.1436484,1674.814685,1936.663359,598.582058,195.335455
1985,203.2756721,1429.435485,794.1493202,1227.79835,10741.12739,1368.550345,1520.404944,628.9970943,287.345059,4392.521567,2499.585159,442.5239882,1088.635694,328.9092123,4780.868979,2184.396692,976.9091627,1253.943686,1554.313233,2828.729496,1857.013132,448.0406979,3512.584898,1836.028603,2066.246863,842.0707745,273.1025755,2639.289376,246.9772774,643.2876908,444.2784908,3307.425589,507.3664059,450.5360057,7582.602293,4364.938076,1158.188966,1045.614098,4734.441943,417.0654792,1298.41764,245.1990429,1873.599197,6417.894093,606.2164861,2411.705477,223.2354855,1727.018377,1971.69176,598.5602646,195.1390186
1986,208.0545419,1460.771117,813.7603815,1279.905138,10999.23187,1398.07865,1541.659945,636.5347491,295.9596602,4571.339868,2584.7923,454.6336802,1102.193233,334.9721628,4833.187,2225.44635,993.036022,1282.365604,1557.798052,2866.960343,1901.562085,459.2626855,3567.321187,1878.086788,2105.403794,855.8797388,275.4913446,2715.883724,249.6537841,654.6626137,457.7524628,3363.37219,519.6699445,473.0287043,7670.286099,4422.242003,1163.059439,1069.782194,4778.875402,422.2629977,1333.095919,250.6847916,1922.000515,6540.160096,624.8323214,2487.163443,229.2633621,1783.120342,2011.461257,599.640289,194.5011178
1987,212.4675249,1494.148245,835.0873714,1331.411386,11248.69772,1428.423614,1558.725446,643.6395423,304.7157648,4747.901965,2670.02127,467.2657538,1119.277615,342.5351423,4894.480092,2272.609805,1010.625737,1314.045703,1562.041175,2897.015357,1944.615628,470.112586,3628.089338,1923.071831,2146.44805,871.5124922,278.5612312,2794.391235,252.5685329,667.4133542,469.7568582,3412.656881,532.3688059,497.7286537,7746.341292,4487.914207,1168.004724,1097.555183,4828.289611,426.6307453,1368.774918,256.9440784,1974.292518,6658.900271,645.0717267,2561.754651,235.0712769,1842.927183,2055.796369,602.0881417,193.805602
1988,216.8148756,1529.083311,858.0592187,1382.449744,11484.04175,1461.117934,1570.912613,649.7890965,313.3286116,4920.200204,2754.39693,480.0140557,1139.617276,351.8276073,4962.754485,2324.533586,1029.73277,1348.422059,1569.290518,2918.096748,1984.707707,480.1568052,3692.961744,1970.56632,2188.602187,889.0237902,282.5309318,2873.466856,255.884403,681.521377,480.0279193,3453.747776,545.682506,524.6872203,7806.954362,4559.800625,1174.623984,1128.647911,4880.375338,429.9412514,1404.794952,264.0044281,2029.497561,6781.095788,667.338542,2633.691099,240.5045953,1905.749301,2104.087001,606.0324306,193.4623098
1989,221.2811735,1564.883277,882.4169783,1433.623749,11700.46684,1497.384073,1578.041353,654.455639,321.5652818,5086.970911,2837.598924,492.3637753,1162.583879,362.8876628,5035.473608,2379.533122,1050.222323,1384.698295,1580.822587,2930.482573,2020.749114,489.0576227,3760.4809,2020.012123,2231.164285,908.2532638,287.5085302,2951.991623,259.693588,696.8190132,488.5823198,3486.132418,559.7338726,553.8154836,7850.268385,4635.723053,1183.859335,1162.471671,4932.695455,432.1127381,1440.461587,271.814925,2086.566072,6911.820815,691.9118899,2701.791234,245.4539696,1970.411824,2155.448093,611.4628821,193.6900234
1990,225.9088491,1600.965268,907.8361132,1485.928439,11896.01642,1538.032313,1580.793452,657.2685061,329.3065707,5248.362409,2920.208932,503.7429612,1187.44091,375.5901378,5110.620342,2436.109506,1071.906272,1422.089811,1597.175981,2936.292918,2052.433562,496.7027502,3829.661689,2070.923449,2273.744399,928.974306,293.5088012,3029.545902,264.0364379,713.1003801,495.8044542,3510.659876,574.5779083,584.9786511,7877.376896,4713.76228,1196.163654,1198.353277,4983.62508,433.266015,1475.29944,280.2546091,2144.679505,7054.431564,718.8575078,2765.789595,249.9190065,2035.538387,2208.950716,618.2788982,194.5739022
1991,230.6415216,1636.951581,933.9529164,1540.663615,12073.24927,1583.575096,1580.692278,658.0754779,336.6016203,5406.446313,3003.489641,513.6710244,1213.58702,389.7049848,5187.205835,2493.314501,1094.641269,1460.045024,1618.218076,2939.507048,2080.528275,503.3493232,3900.390182,2123.002382,2316.371944,950.974777,300.4654341,3106.532144,268.8963666,730.1534049,502.452894,3530.026893,590.2222772,618.1247757,7892.841742,4793.110866,1211.673224,1235.726826,5032.941376,433.773764,1509.21551,289.143371,2203.461651,7210.863038,748.081014,2826.491808,254.0567727,2099.891507,2263.902461,626.3282521,196.1002052
1992,235.4177212,1672.607855,960.4433199,1599.163793,12240.13599,1634.17154,1579.701268,657.0366492,343.6605074,5565.180615,3089.301649,521.8809463,1240.580447,404.9782548,5265.42203,2550.757774,1118.397905,1498.341454,1643.502486,2944.746295,2106.886138,509.5384496,3973.367833,2176.195772,2359.572887,974.0387941,308.2620302,3184.20134,274.2114234,747.8110112,509.4011659,3548.330611,606.6488642,653.4161233,7904.360005,4874.021747,1230.328692,1274.332883,5082.035258,434.2070073,1542.645805,298.2975553,2262.843507,7382.464922,779.3754519,2885.844603,258.103145,2162.884316,2319.881409,635.4849281,198.2114524
1993,240.1805632,1707.616217,986.9117266,1662.389855,12407.5167,1689.436014,1579.568933,654.5023601,350.7432922,5727.904842,3178.718659,528.3639981,1268.018563,421.1129488,5345.509814,2607.762848,1143.051357,1536.63817,1672.350646,2955.406924,2133.452755,515.7627442,4048.546194,2230.259447,2403.566479,997.7027269,316.6985365,3263.177162,279.8766944,765.9225883,517.2422677,3569.206907,623.7253313,691.0497125,7919.501346,4956.423749,1251.941971,1313.884743,5132.526223,435.0360291,1576.026175,307.5180729,2322.271455,7569.862275,812.4070545,2945.608791,262.2194325,2224.324033,2376.339621,645.557628,200.8421617
1994,244.8979856,1741.473714,1012.868106,1730.433041,12585.57115,1748.33117,1581.399775,650.9655841,358.0034301,5896.104714,3271.325358,533.3566414,1295.415933,437.7782855,5426.503849,2663.166666,1168.329822,1574.459827,1703.713962,2973.046733,2161.638871,522.3264372,4124.649141,2284.596277,2447.978242,1021.221557,325.5592797,3343.118264,285.7541512,784.2594154,526.2071858,3594.90935,641.1578522,730.9344004,7943.370828,5039.223485,1276.05269,1353.815375,5185.34242,436.5410437,1609.454014,316.6058591,2380.723441,7771.783502,846.5953005,3006.742738,266.4689126,2284.272033,2432.409338,656.2512041,203.9197367
1995,249.5531208,1773.561231,1037.73631,1802.413698,12780.47494,1809.3523,1585.689602,647.0842715,365.4779434,6069.455906,3365.340243,537.2496979,1322.102936,454.6033541,5506.265705,2715.453545,1193.741986,1611.136699,1736.16434,2997.437453,2192.1107,529.3571313,4199.119085,2338.336535,2491.83303,1043.677238,334.6036011,3422.841533,291.6859984,802.458546,536.2164835,3626.318439,658.5513469,772.5885469,7978.288501,5119.949325,1301.965056,1393.280899,5240.517732,438.8349052,1642.722452,325.3576685,2436.770695,7985.10339,881.1335981,3069.363722,270.8276687,2342.694449,2487.013411,667.1749327,207.3651592
1996,254.1751214,1803.187916,1060.935511,1876.871837,12993.43994,1870.704384,1592.27923,643.5697162,373.0808202,6246.445043,3458.304561,540.4984228,1347.332793,471.2844608,5582.059908,2763.201134,1218.624233,1645.929459,1768.23554,3027.06235,2224.973068,536.8681651,4268.703948,2390.427534,2533.900919,1064.31951,343.5962494,3500.704671,297.5238991,820.1144393,547.0036527,3663.133582,675.5391571,815.3691683,8024.312706,5195.614408,1328.774749,1431.26128,5297.29262,441.913057,1675.409082,333.613197,2488.973213,8205.080886,915.1374023,3133.015594,275.228095,2399.280697,2538.967592,677.9285779,211.1282136
1997,258.8036085,1829.822305,1082.102516,1952.156336,13221.01428,1930.615881,1600.675573,641.0803698,380.6612691,6424.951192,3547.709156,543.5835745,1370.509696,487.6278783,5651.33233,2805.480547,1242.282532,1678.210416,1798.608683,3059.73731,2259.953695,544.8023055,4330.20246,2439.85122,2573.020651,1082.626338,352.3729369,3574.955965,303.1646567,836.874969,558.2080201,3704.340999,691.9331111,858.6093949,8079.997899,5263.508379,1355.509801,1466.750676,5354.527366,445.6955936,1706.911269,341.2975641,2536.256287,8426.480908,947.8108322,3196.945566,279.5903087,2453.500245,2587.346504,688.1961546,215.2040327
1998,263.4554523,1853.044054,1101.036779,2026.717353,13456.16668,1987.359203,1610.042757,640.1339865,387.9986907,6602.49897,3631.283824,546.937927,1391.191507,503.4790348,5711.679243,2841.517887,1263.996605,1707.364583,1826.157534,3092.8346,2296.281571,552.960638,4380.497312,2485.655265,2608.073962,1098.217494,360.8424138,3643.743656,308.5448353,852.4568645,569.405876,3748.102579,707.6586455,901.6746658,8142.104408,5321.099738,1381.257492,1498.932632,5410.436328,450.000479,1736.455289,348.380757,2578.017474,8643.424562,978.5616329,3259.961695,283.8201466,2504.490758,2631.292089,697.7283916,219.5974674
1999,268.1194869,1872.672596,1117.637727,2099.213482,13689.54373,2039.380606,1619.412152,641.002517,394.8528725,6776.25948,3707.008272,550.9224186,1409.026993,518.7240795,5761.022596,2870.764451,1283.141352,1732.877869,1850.020768,3123.788113,2332.897146,561.018225,4417.01117,2526.895828,2638.315378,1110.840485,368.9537006,3705.502423,313.6373524,866.6561056,580.1324305,3792.124796,722.7098656,944.1093259,8206.204583,5366.283901,1405.25401,1527.403186,5463.004588,454.5847211,1763.221307,354.8507875,2613.847767,8850.586145,1007.126441,3320.825585,287.7945418,2551.457893,2669.918828,706.3540565,224.3083279
2000,272.7969916,1888.837925,1131.916421,2168.716146,13911.46636,2085.526752,1627.959696,643.679572,401.0126155,6943.664838,3773.489367,555.7606084,1423.889006,533.2843715,5798.079545,2892.997357,1299.396705,1754.398537,1869.784488,3150.441394,2368.664057,568.5965226,4437.966726,2562.899515,2663.378688,1120.456645,376.695394,3759.259512,318.4786775,879.3431033,590.0058351,3834.009101,737.1662907,985.4769733,8267.716731,5397.731288,1427.099962,1552.179048,5510.398867,459.1823232,1786.666931,360.7068597,2643.615988,9044.518711,1033.553278,3378.287218,291.3932265,2594.043405,2702.54628,713.968633,229.3334502
2001,277.4780512,1902.051308,1144.027543,2234.74063,14113.55904,2125.250499,1635.176212,647.878737,406.3601917,7102.640563,3830.174896,561.4958312,1436.014126,547.129029,5822.693022,2908.580079,1312.811183,1771.890072,1885.416589,3171.240109,2402.57897,575.3628044,4442.543562,2593.317974,2683.433527,1127.353901,384.1115534,3805.157143,323.1249062,890.4987075,598.7679167,3871.826698,751.1063411,1025.560113,8323.317111,5415.140479,1446.78142,1573.614898,5551.353838,463.5184412,1806.769559,365.9816699,2667.596479,9224.261448,1058.169898,3431.562324,294.510987,2632.492468,2728.977814,720.5460639,234.6705865
2002,282.1417803,1913.226632,1154.390612,2297.51206,14291.56559,2158.963435,1641.031921,653.2658019,410.9197472,7252.289528,3878.000748,568.1018157,1446.055044,560.3333264,5836.45816,2918.843116,1323.78334,1785.941973,1897.352119,3185.76051,2434.141907,581.1583791,4431.760593,2618.507859,2699.365742,1132.153616,391.3342845,3844.630939,327.6793475,900.3243372,606.356444,3904.737697,764.6167743,1064.360481,8372.208816,5419.966742,1464.653452,1592.461627,5585.857186,467.3994079,1824.263919,370.8188457,2686.902422,9391.980362,1081.599525,3480.782759,297.1186778,2667.99182,2749.842338,726.2066059,240.3461548
2003,286.7605132,1923.405271,1163.554871,2357.823154,14447.22523,2188.189645,1645.818285,659.4987692,414.8488259,7392.983198,3919.319067,575.5493326,1454.854312,573.1112479,5842.513166,2925.402169,1333.052613,1797.430839,1906.402962,3195.220446,2463.336104,585.9969271,4407.792296,2639.541643,2712.497844,1135.514612,398.5055771,3880.208956,332.2770613,909.1814243,612.9575066,3932.753943,777.8242843,1102.14121,8416.415768,5414.835938,1481.541316,1609.793972,5615.148059,470.7243715,1840.145043,375.4161981,2702.983035,9553.099841,1104.685685,3526.907757,299.2620431,2702.348276,2766.367982,731.1700551,246.4078673
2004,291.3201662,1933.322335,1171.966658,2416.174511,14583.95254,2214.592579,1649.991444,666.3059833,418.2747744,7524.634143,3956.304988,583.668134,1463.090927,585.6114445,5843.824661,2929.335506,1341.437612,1807.120847,1913.316481,3201.335163,2490.425375,589.9695452,4372.862544,2657.47772,2724.06569,1137.977174,405.7100786,3914.246935,337.0153141,917.4191573,618.8006295,3956.527904,790.8183976,1138.895831,8458.193799,5402.154264,1498.370731,1626.434059,5640.745032,473.4324864,1855.108324,379.9363496,2716.855512,9713.298471,1128.112904,3570.815724,301.0066406,2736.918734,2779.643452,735.6691415,252.9019745
2005,295.8140505,1943.228878,1179.84076,2472.411497,14704.49285,2239.34679,1653.857357,673.472801,421.2224511,7646.101103,3990.260455,592.210479,1471.100347,597.8634545,5842.359138,2931.156373,1349.505416,1815.479869,1918.770008,3205.479702,2515.567176,593.1853607,4328.820286,2673.113069,2734.828155,1139.847444,412.9513804,3948.057533,341.9406017,925.2899105,624.0367627,3976.606507,803.6093975,1174.31446,8499.074586,5383.564555,1515.678007,1642.722072,5663.708198,475.4906632,1869.509706,384.4767607,2728.967215,9876.334838,1152.141857,3612.723988,302.3944074,2772.277608,2790.359774,739.8208944,259.8106482
2006,300.2342758,1952.907734,1187.2013,2525.795733,14810.16893,2262.997906,1657.499068,680.8285192,423.7079665,7755.704475,4021.573363,600.8719452,1478.917119,609.7597021,5838.883841,2930.994661,1357.488731,1822.694567,1923.50471,3208.473751,2538.865707,595.7938056,4277.179847,2686.79789,2744.97246,1141.260791,420.1699732,3981.665934,347.0352668,932.9018666,628.7828501,3993.413403,816.1373837,1207.918257,8539.664866,5360.114105,1533.518744,1658.479853,5684.512203,476.9164874,1883.312047,389.0565285,2739.385953,10043.17354,1176.614085,3652.49472,303.4582143,2808.226124,2798.854539,743.6656519,267.0560406
2007,304.5778111,1961.960444,1194.003991,2575.601727,14902.00366,2285.689086,1660.857049,688.2607068,425.7632065,7852.819645,4050.099,609.4000054,1486.455787,621.1579765,5833.310424,2928.899698,1365.418205,1828.810803,1928.382057,3210.589203,2560.407497,597.9334584,4219.564348,2698.634255,2754.370541,1142.296107,427.2828336,4014.404748,352.2452461,940.3033091,633.1354677,4007.359175,828.2973616,1239.435236,8579.752632,5332.55456,1551.630764,1673.386026,5703.282608,477.7826382,1896.242109,393.6459824,2748.073861,10212.35585,1201.117714,3690.00685,304.2419881,2844.140733,2805.396741,747.194543,274.5021972
2008,308.8632829,1970.204476,1200.317535,2622.137027,14982.61021,2307.482512,1663.856778,695.7106476,427.4879778,7939.642954,4076.041925,617.685413,1493.689722,632.0444704,5825.611703,2925.189866,1373.208604,1834.007495,1933.426468,3211.908211,2580.572417,599.7459593,4157.862111,2709.013255,2763.000612,1142.99068,434.2442389,4045.516925,357.5161235,947.521503,637.206363,4019.204273,840.0939629,1269.197227,8618.846226,5301.933427,1569.756699,1687.314416,5720.306853,478.2216296,1908.180536,398.2058865,2755.252216,10381.80326,1225.299727,3725.621364,304.8160732,2879.484624,2810.384829,750.4660403,282.0176034
2009,313.1215392,1977.881691,1206.348593,2666.816166,15057.10373,2328.646474,1666.534166,703.1570182,429.0294545,8021.271548,4100.414703,625.7899215,1500.69174,642.6167963,5816.459388,2920.548548,1380.849508,1838.673452,1938.533544,3212.618039,2600.007264,601.384614,4094.105816,2718.561638,2771.150182,1143.441835,441.1006379,4075.273369,362.7970306,954.60168,641.1329291,4029.881556,851.6718458,1298.050712,8656.935465,5269.662668,1587.775875,1700.581986,5736.254553,478.4471496,1919.441547,402.7245452,2761.501555,10550.39275,1249.18093,3760.170176,305.2763944,2914.193579,2814.463285,753.5866709,289.5287224
